customer_id,customer_name,email,gender,region_id,signup_date
1,Ricky Johnson,lorihall@gmail.com,Other,5,2024-03-01
2,Tonya Friedman,watersheidi@obrien-bradley.com,Other,6,2023-07-24
3,Randy Melton,jenningsjohn@stout.com,Male,2,2024-01-18
4,Joseph Chavez,christopher56@wells-wyatt.com,Other,1,2024-12-19
5,Jessica Lewis,cortezgary@meyer.com,Other,6,2024-06-11
6,Linda Marshall,anthonyhart@anderson-cruz.com,Other,3,2025-01-03
7,Jonathan Farmer,dgates@rodriguez.com,Other,2,2024-04-21
8,Darlene Kidd,uzhang@sherman.biz,Male,6,2024-02-17
9,Robert Short,mariaellis@hotmail.com,Male,2,2024-11-03
10,Kim Phillips,xhall@hughes.info,Other,4,2023-09-22
11,Kimberly Manning,upeters@armstrong-jackson.com,Other,2,2024-02-22
12,Nicholas Hodge,carriemurphy@holder.com,Female,1,2023-12-07
13,Sean Gibson,wardpamela@yahoo.com,Other,1,2024-09-09
14,Peter Yang,sarah60@nelson.com,Male,5,2023-08-21
15,Chad Johnson,davidhernandez@hotmail.com,Male,6,2023-10-02
16,Daniel Carr MD,franklinmelvin@gmail.com,Male,2,2025-03-03
17,Debra Thomas,brookemorgan@ramirez.com,Other,3,2023-08-23
18,Judith Smith,karen20@gmail.com,Other,4,2025-07-02
19,Warren Suarez,rsmith@gmail.com,Female,4,2023-10-04
20,Michael Marshall,ddunn@hotmail.com,Other,1,2024-03-31
21,Rick Stark,heatherramirez@simon.biz,Female,5,2023-11-24
22,Holly Wood,mikegallegos@hotmail.com,Female,5,2025-02-05
23,Melinda Norris,smithedward@hotmail.com,Female,6,2025-06-29
24,Miss Michelle Johnson MD,jesse65@mckinney.biz,Other,5,2024-03-30
25,Megan Frey,finleymichelle@thomas-walker.com,Other,6,2024-06-17
26,Norman Gonzalez,brandonjohnson@morris.com,Male,6,2023-08-29
27,Terri Compton,jasmine99@adams.com,Male,6,2025-03-01
28,David Mcclure,higginsjuan@yahoo.com,Other,6,2025-05-26
29,David Burke,tanya84@yahoo.com,Female,3,2023-07-16
30,Amanda Cooper,david84@hotmail.com,Other,3,2023-09-27
31,Elizabeth Smith,jameswang@hotmail.com,Male,1,2024-08-01
32,Craig White,ispears@yahoo.com,Female,4,2024-08-01
33,Raymond King,xmartinez@hotmail.com,Male,3,2025-05-20
34,Karen Mcguire,othompson@calhoun.com,Other,4,2025-03-27
35,Courtney Olson,jenniferramos@harris.net,Male,3,2023-08-04
36,Rachel Fletcher,vgreen@reyes-blevins.com,Other,6,2025-05-19
37,Daniel Flynn,karen92@yahoo.com,Other,4,2023-08-25
38,Connie Thompson,cruzeric@roy.com,Male,4,2024-01-01
39,Ariel Aguilar,davidmiller@yahoo.com,Other,2,2024-04-02
40,Todd Blackburn,iwest@yahoo.com,Female,3,2024-08-02
41,Daniel Garcia,robertbrown@yahoo.com,Male,1,2024-03-26
42,Anthony Collier,brentjackson@brown.info,Male,4,2023-07-20
43,Kathryn Hughes,rachelmacias@pace.org,Other,4,2023-09-24
44,Stephen Cameron,johnsoncynthia@hotmail.com,Female,2,2024-02-18
45,Carol Daniel,sandra35@hotmail.com,Other,3,2024-04-18
46,Maureen Bradford,stoutchristina@austin-norton.com,Male,6,2024-08-11
47,Peter Crawford,kruegermatthew@white.info,Other,3,2024-08-20
48,Brandy Kelly,jonessarah@yahoo.com,Male,6,2023-09-13
49,John Cobb,armstrongjennifer@evans-west.com,Other,4,2025-04-14
50,Kathleen Richardson,andreasanders@jenkins-williams.com,Female,2,2023-11-19
51,Edward Garcia,perezabigail@yahoo.com,Other,3,2023-12-02
52,Kathryn Bray,jessica85@sweeney-erickson.com,Female,5,2024-10-14
53,Mallory Flynn,jennifernorton@gmail.com,Male,2,2025-05-17
54,Mrs. Mariah Parker,robert25@brown.org,Other,1,2025-07-02
55,Marcus Parsons,jonesjoseph@hansen-baker.com,Other,4,2025-02-28
56,Kimberly Ward,shawnharris@spencer-johnson.org,Other,6,2025-06-23
57,Christopher Gonzalez,lori12@mcgee.com,Female,5,2023-08-05
58,Kathryn Myers,anthony93@hotmail.com,Male,6,2023-12-05
59,Dr. Jared Miller,andrea47@hill.biz,Female,5,2024-06-07
60,Joshua Jackson,volsen@walker.com,Female,1,2024-11-08
61,Dale Wang,gdaniels@thomas.com,Female,2,2023-07-23
62,Sophia Stewart,icampbell@gmail.com,Female,4,2024-11-30
63,Jerry Garrison,melissapeterson@hotmail.com,Female,4,2024-11-29
64,James Knight,robinbrown@martin.net,Male,6,2024-04-13
65,Sharon Todd,amanda43@yahoo.com,Female,1,2025-01-28
66,Michele Robles,lcastillo@villanueva-barrett.biz,Male,6,2024-10-24
67,Rita Newman,stonebrandon@rivers.com,Female,2,2024-12-28
68,Michele Williams,nmartinez@pineda.org,Other,5,2025-04-27
69,Taylor Woods,franklinbreanna@gmail.com,Other,3,2025-03-08
70,Jessica Ford,robinflores@hotmail.com,Male,4,2024-11-16
71,Timothy Mckay,longkevin@hotmail.com,Male,4,2023-08-31
72,Jason Merritt,virginia02@hotmail.com,Female,6,2025-02-07
73,Jason Lyons,christopherholt@hotmail.com,Male,6,2023-11-25
74,Austin Scott PhD,john22@kelly.net,Other,2,2023-07-19
75,Andrew Mills,christopher71@yahoo.com,Male,2,2024-07-03
76,Javier Castillo,timothy49@hotmail.com,Female,5,2024-08-13
77,Keith Klein,karenphillips@yahoo.com,Other,2,2024-05-30
78,Marcus Coleman,karen37@paul.net,Male,5,2025-02-09
79,Christopher Monroe,dvalencia@hotmail.com,Female,2,2024-04-15
80,Nicole Craig,wardrandall@hotmail.com,Female,1,2024-02-17
81,Richard Mclaughlin,kelseyvalenzuela@foster.biz,Female,2,2023-08-29
82,Jessica Miller,dgamble@garrett.org,Female,5,2024-02-22
83,Michael Hunt,sharonkemp@yahoo.com,Male,5,2024-10-08
84,Corey Oconnell,xwatson@kennedy.org,Female,1,2024-09-03
85,Margaret Curtis,mark43@cisneros.com,Male,4,2024-09-10
86,Ricky Hunt,lori05@gmail.com,Female,4,2023-10-13
87,Herbert Sloan,lesliehicks@leblanc.com,Male,6,2024-10-17
88,Aaron Brooks,lpayne@chung-eaton.biz,Other,6,2023-09-30
89,Stephanie Adams,sharigriffin@hotmail.com,Female,2,2024-12-24
90,Susan Thornton,lopezcrystal@gmail.com,Female,4,2023-10-20
91,Jennifer Huang,aprilbenton@pham-ortiz.biz,Male,3,2023-09-30
92,Lindsay Evans,zbuck@hotmail.com,Male,5,2025-01-09
93,Donald Singh,christopher31@yahoo.com,Other,2,2024-06-02
94,Julie Harvey,heather43@yahoo.com,Other,2,2025-02-08
95,Dr. Brittany Lambert,duffytammy@yahoo.com,Other,4,2024-05-07
96,Angela Barrett,cameron39@church-jones.com,Male,6,2024-05-07
97,Amy Rose,morganalan@yahoo.com,Female,5,2023-08-08
98,Kelly Carrillo,kim72@gmail.com,Male,4,2024-03-21
99,Richard Grimes,gregolsen@grant.com,Female,1,2023-07-24
100,Thomas Harris,emitchell@blackburn.net,Other,1,2024-02-09
101,Aaron Tran,deborahgonzales@hebert.com,Female,1,2025-01-27
102,Margaret Tate,hancockmargaret@yahoo.com,Other,3,2023-11-29
103,Michele Long,daniel06@hotmail.com,Female,4,2024-08-13
104,Kelli Guzman,nguzman@martinez.net,Female,1,2024-10-11
105,Benjamin Schultz MD,karen06@gmail.com,Male,3,2023-11-29
106,Christina Rogers,eturner@robinson-ali.com,Other,3,2025-04-18
107,Amy Pierce,gabriellehernandez@gmail.com,Male,5,2024-07-20
108,Mark Bridges,enichols@sanchez-powell.com,Other,3,2025-02-22
109,Courtney Shepard,hernandezjared@williams.info,Female,6,2025-03-05
110,Julia Green,idyer@lowe.biz,Male,4,2025-06-29
111,Eric Le,slowe@yahoo.com,Female,5,2024-02-02
112,Rachel Bennett,tiffany83@thomas.com,Female,5,2024-05-22
113,Kayla Olson,cfowler@hotmail.com,Male,6,2023-10-28
114,Jason Jones,mckenzie96@yahoo.com,Female,4,2025-03-31
115,Stanley Smith,brandonmitchell@castro.biz,Female,1,2025-06-03
116,Mary Waters,mark65@hotmail.com,Other,5,2024-11-30
117,Alexander Hart,smiles@banks.biz,Other,5,2025-04-10
118,Nicole Simmons,milescharlene@gmail.com,Other,5,2023-10-01
119,Gerald Osborne,carol90@gmail.com,Male,4,2025-04-10
120,Shelby Evans,jasmine13@hotmail.com,Male,4,2025-03-24
121,Tommy Rice,moyerbrandon@moore.com,Other,1,2024-12-12
122,Keith Saunders,annesavage@yahoo.com,Male,1,2023-11-13
123,Aaron Holmes DVM,nnichols@cook-peterson.com,Other,1,2024-07-15
124,Kylie Salazar,amber98@yahoo.com,Female,3,2024-03-30
125,John Chan,taylormiguel@salinas.com,Male,6,2024-08-28
126,James Davis,bowmanandrea@yahoo.com,Female,6,2025-03-29
127,Jason Lozano,mcgeejames@gutierrez-taylor.com,Other,4,2023-10-31
128,Rachel Garcia,vmorris@gmail.com,Female,1,2024-11-06
129,Steven Parker,david10@harrison.com,Female,4,2024-01-31
130,Deanna Martin,michaelgarcia@morrison-cortez.biz,Male,1,2023-08-02
131,Abigail Eaton,igray@murray-gomez.info,Female,3,2024-12-17
132,James Hart,karen24@hotmail.com,Male,5,2025-05-07
133,Rita Taylor,kristencruz@hotmail.com,Male,3,2024-01-16
134,Adrian Kelly,fhurst@hotmail.com,Other,2,2024-12-29
135,Sarah Briggs,amy89@pierce-medina.info,Female,2,2023-12-20
136,Jason Evans,smithjudy@hotmail.com,Other,3,2024-01-05
137,Alexandra Chan,bishopalexander@adams.com,Male,6,2024-12-07
138,Jason Bell,michaelolson@sullivan.com,Female,2,2024-05-26
139,Paul Ferguson,phamcheryl@carlson.biz,Other,4,2023-12-09
140,Patrick Carpenter,erin18@vega.com,Other,3,2024-08-07
141,Tiffany Luna,joneill@roach-hoffman.com,Male,4,2024-08-13
142,James Garcia,edwardshannah@romero-hill.net,Other,3,2024-05-21
143,Alexander Robinson,msmith@washington-gregory.biz,Male,6,2024-09-22
144,Sean Hunt MD,larrychandler@hotmail.com,Other,4,2025-04-28
145,David Gutierrez,vholloway@hotmail.com,Other,1,2023-09-30
146,Tammy Walters DDS,mary92@goodman.org,Female,3,2024-07-17
147,Amber Sweeney,colemichael@yahoo.com,Male,4,2024-04-08
148,Gary Ward,millerdave@hotmail.com,Other,1,2024-09-21
149,Virginia Boyer,livingstonryan@hotmail.com,Male,6,2023-07-05
150,Anthony Shepherd DDS,pwarren@gmail.com,Other,5,2024-08-22
151,Meagan Cole,qthomas@yahoo.com,Other,5,2025-05-20
152,Suzanne Taylor,edwardsjason@yahoo.com,Female,1,2023-10-16
153,Brian Stokes,andrew71@hotmail.com,Female,1,2024-07-23
154,Matthew Moore,marc60@webster.biz,Other,5,2024-09-29
155,Louis Gomez,annetteward@wolf-gray.com,Male,1,2025-03-21
156,Drew Larson,christopherwillis@gmail.com,Male,6,2025-02-16
157,Dominique Ryan,walkerjames@miller.org,Other,2,2024-06-22
158,Jenna Gray,hprince@yahoo.com,Male,6,2024-05-07
159,James Tran,hortonronald@yahoo.com,Female,2,2024-04-01
160,David Fleming,lvargas@gmail.com,Other,3,2024-05-22
161,Carl Wilson,nicholas24@yahoo.com,Male,2,2025-06-20
162,Michael Ayala,sjohnson@ferrell.com,Other,3,2024-12-12
163,Theresa Freeman,davidjones@yahoo.com,Male,2,2025-03-12
164,Dr. Brooke Hardy,gallagherdiana@gmail.com,Other,6,2023-11-06
165,Sean Hernandez,geraldrichardson@turner.com,Male,1,2023-10-13
166,Joseph Norton,debra07@yahoo.com,Female,2,2025-04-23
167,Christopher Gould,ricejustin@moore.com,Male,4,2025-01-12
168,Jody Phillips,julieerickson@cox-hopkins.info,Female,3,2024-09-10
169,Kevin Yu,catherine34@yahoo.com,Female,3,2025-07-03
170,Lisa Hanna,broberts@gmail.com,Female,2,2024-06-13
171,Scott Smith,ywarner@smith.com,Other,1,2023-12-02
172,Jack Dawson,timlane@dixon.net,Other,6,2025-05-14
173,Sandra Torres,wagnerian@ayers-watts.org,Other,2,2024-07-23
174,Michael Kane,wilsonrichard@yahoo.com,Female,1,2025-02-02
175,Douglas Webster,flynnbrent@green-humphrey.com,Female,2,2024-09-16
176,Diana Barnes,jeffreyduncan@levy.org,Other,1,2024-08-21
177,Teresa Griffin,chebert@yahoo.com,Male,4,2025-06-07
178,Daniel Friedman,rochaandrea@perry-harris.com,Male,3,2024-05-16
179,Monica Gray,deborahmassey@gmail.com,Other,3,2025-06-07
180,Ashley Walter,ngallegos@yahoo.com,Female,4,2024-01-06
181,Ashley Thompson,alexisyates@hotmail.com,Male,4,2023-10-09
182,Marco Grant,nicholas48@berry.org,Female,3,2025-04-13
183,Trevor Saunders,patrickchapman@hotmail.com,Other,4,2023-12-14
184,Carol Collins,tharrison@yahoo.com,Female,5,2023-12-25
185,Kyle Jones,vallen@barber-taylor.com,Other,3,2025-03-14
186,Jonathan Bruce,nwong@herrera.biz,Male,5,2025-06-06
187,Rachel Mitchell,jasmine15@gmail.com,Female,1,2024-03-22
188,Jenna Henderson,daniel43@jones-moore.com,Male,4,2024-11-10
189,David Conley,munozrobert@watson.biz,Other,3,2024-03-18
190,Ronald Ellis,rogerzamora@yahoo.com,Female,6,2024-04-17
191,Christopher Wong,careyterri@yahoo.com,Male,2,2024-11-04
192,Morgan Case,merrittjoe@mason.info,Male,2,2024-04-17
193,Christopher Coleman,hdunn@johnson-gallagher.com,Female,4,2025-01-15
194,Katherine Spence,pittmanstephanie@gmail.com,Female,3,2023-08-21
195,Brooke Chandler,sfrench@skinner.com,Other,2,2024-10-08
196,Charles Jones,petersonnicole@torres.org,Male,3,2025-03-27
197,Lori Figueroa,geraldhernandez@chapman.net,Other,5,2024-11-26
198,Brian Vaughan,sotojoe@mack.com,Other,1,2024-07-06
199,Nathaniel Ramirez,john22@gmail.com,Female,6,2024-06-16
200,Ann Henderson,leah43@martin.com,Other,1,2024-11-08
201,Matthew Aguirre,lgrant@weiss.com,Other,1,2024-02-26
202,Amanda Rodriguez,samuel35@lara.com,Female,5,2024-04-22
203,Gregory Stephens,jamesglenn@williams.biz,Male,5,2025-06-14
204,Robert Kelley,garciakyle@williams.biz,Other,6,2024-08-07
205,Mrs. Elizabeth Boyer,fbenitez@ward.info,Female,6,2025-05-12
206,Brittany Davies,albertmckenzie@lee.com,Female,1,2023-09-29
207,Michele Anderson,lorrainemccormick@gmail.com,Female,2,2024-05-29
208,Guy Chavez,carrie34@hotmail.com,Male,6,2024-05-26
209,Mark Miller,washingtonjennifer@carpenter.com,Female,1,2025-06-10
210,Ariel Kelly,rebecca72@hotmail.com,Female,5,2023-08-03
211,John Love,rjohnson@bradley-bass.com,Other,5,2024-08-16
212,Timothy Lopez,michaelschroeder@gmail.com,Other,6,2025-06-24
213,Mary Santana,johnsonjeffrey@hotmail.com,Male,2,2024-08-28
214,Rachel Deleon,zlee@hawkins-hayes.biz,Female,3,2024-12-11
215,Jacob Lynn,wsimmons@doyle.com,Female,1,2025-03-26
216,Jacqueline Nichols,christopherchristian@gmail.com,Male,2,2025-04-01
217,Matthew Jackson,murraymike@yahoo.com,Male,1,2024-02-08
218,Christopher Lynch,carrollangela@gmail.com,Male,5,2025-04-14
219,Dawn Jackson,codysmith@yahoo.com,Other,2,2025-05-26
220,Phyllis Williams,michael86@gmail.com,Other,4,2024-04-02
221,Amber Bishop,christopherwhite@yahoo.com,Female,1,2025-04-15
222,Robin Rodriguez,johnsonmichael@hamilton.com,Other,6,2024-06-10
223,Timothy Keller,mindy79@whitaker.com,Female,5,2024-06-13
224,Matthew Williams,mcdowellcrystal@galvan.com,Male,2,2024-09-02
225,Sean Turner,ashley83@atkins.com,Female,5,2025-03-31
226,Bobby George,ebarr@lawson.info,Other,6,2025-02-26
227,Marcia Rodriguez,sheila48@hotmail.com,Female,4,2023-08-26
228,Jordan Malone,joseph94@gmail.com,Male,5,2024-05-08
229,Ashley Harris,waltersleslie@hotmail.com,Male,4,2024-08-07
230,Lisa Lee,mariahramirez@hotmail.com,Female,6,2024-12-20
231,Donald Figueroa,nguyenharry@gmail.com,Female,2,2023-10-18
232,Kayla Smith,powellcarolyn@gmail.com,Female,3,2024-08-27
233,Mr. Michael Hurst,kathryndunn@yahoo.com,Female,2,2023-11-01
234,Michael Brown,marcus30@yahoo.com,Male,1,2024-06-12
235,Michael Cox,hamiltonpatrick@andrews-watson.org,Female,5,2024-02-29
236,Debra Mitchell,johnsontaylor@hotmail.com,Other,3,2023-12-22
237,Joan Sherman,amandamoran@dixon-thompson.com,Other,2,2024-07-09
238,Lisa Vasquez,rebecca69@hotmail.com,Male,5,2025-03-01
239,Diana Miller,williamsjohn@bennett.info,Female,3,2024-11-29
240,Christina Kelley,angelamorgan@lewis.com,Male,3,2023-08-11
241,James Greene,quinnmichelle@robinson.com,Other,3,2025-06-22
242,Sandra Hughes,michellemichael@yahoo.com,Male,5,2025-01-09
243,Anthony Juarez,dennis80@bradley.biz,Female,5,2024-06-06
244,Elizabeth Jones,eortiz@lopez.info,Female,3,2024-07-17
245,James Gallagher,diane61@dixon-martin.com,Male,5,2024-07-25
246,Kelly Cortez,shane04@yahoo.com,Female,6,2025-01-30
247,John Stewart,jessica81@nelson.org,Male,2,2024-10-06
248,Rodney Miller,jessica66@gmail.com,Male,1,2024-08-28
249,Matthew Perez,bookerelizabeth@yahoo.com,Male,2,2024-01-26
250,Robert Franklin,millershannon@chang.info,Male,1,2025-06-15
251,Michael Vargas,estrickland@yahoo.com,Male,2,2024-12-14
252,David Ramos,phillip23@lee-pope.com,Male,1,2025-03-15
253,James Walters,lauren20@gmail.com,Other,1,2024-08-20
254,Lisa Smith,candace33@brown.com,Female,2,2024-10-05
255,Heather Simmons,jhall@gmail.com,Female,3,2023-07-30
256,Christopher Ford,suzanne12@webster.net,Other,1,2024-11-25
257,Danny Green,nlee@hotmail.com,Female,6,2024-01-05
258,Jermaine Elliott,timbrown@hotmail.com,Female,6,2024-10-10
259,Ruben Ellison,stephanie66@yahoo.com,Other,4,2025-05-02
260,Mr. Antonio Allen Jr.,nherring@farrell.com,Other,4,2024-10-06
261,Gary Chambers,uking@gmail.com,Male,2,2024-12-14
262,Tanya Lee,nancy04@hotmail.com,Other,1,2023-10-09
263,Mary Hill,calvin36@sheppard.com,Other,2,2023-10-27
264,Joseph Kelly,robertromero@green.com,Other,4,2024-08-21
265,Keith Thomas,dixonchristopher@gmail.com,Female,3,2025-04-27
266,Ryan Cruz,sarah13@riley-johnson.com,Male,4,2024-04-14
267,Heather Thomas,owensjason@clements-cohen.info,Female,3,2024-08-15
268,Maria Vega,sullivanpamela@walsh.com,Male,2,2024-08-31
269,Erik Mitchell,aimee06@norman.com,Female,6,2025-03-31
270,Scott Smith,jennifermorgan@yahoo.com,Male,2,2024-12-06
271,Tracy Chung,burnsmichael@gmail.com,Other,5,2023-08-01
272,Judith Mcdonald,julie40@riley.com,Other,3,2025-04-08
273,Alyssa Adams,samuelriggs@page-williams.com,Female,3,2024-08-08
274,Jane Wright,zallen@yahoo.com,Male,2,2023-09-19
275,Gary Mccullough,joseph53@rich.info,Female,2,2024-05-17
276,Jessica Williamson,joshua25@yahoo.com,Other,5,2024-02-28
277,Gregory Young,wendy45@gmail.com,Other,4,2024-11-07
278,Joseph Atkinson,charlescampbell@gmail.com,Other,3,2023-10-31
279,Heather Castillo,amelton@yahoo.com,Other,5,2024-03-18
280,Christopher Matthews,joshuagoodman@hotmail.com,Male,6,2024-12-09
281,David Roberts,reynoldsjennifer@lambert-mooney.net,Male,1,2024-11-15
282,Rachel Palmer,jesse00@carrillo-hopkins.biz,Female,3,2024-05-25
283,Jennifer Perez,harringtoneric@clark-wagner.com,Other,6,2024-07-11
284,Michele Mayer,vincent26@rogers.com,Male,4,2024-04-18
285,Jonathan Thompson,carlosgarcia@hotmail.com,Other,5,2025-03-31
286,Frank Johnson,pachecoronald@hotmail.com,Other,1,2024-07-22
287,Robert Taylor,jordanwilson@collier-strickland.info,Female,6,2024-11-14
288,Debbie Wells,shaffermichael@gmail.com,Female,4,2023-10-23
289,Todd Braun,carrbrandon@friedman.com,Female,6,2024-06-11
290,Dawn Lane,patrickcook@yahoo.com,Other,5,2023-08-07
291,Sonia James,christopherhenderson@morgan-schmidt.com,Female,1,2025-06-08
292,Dan Murray,brownjuan@yahoo.com,Other,1,2023-10-22
293,Krista Hanson,vduran@hotmail.com,Female,2,2024-09-22
294,Tyler Patel,allengoodwin@yahoo.com,Other,1,2024-04-05
295,Tammie Norris,ylee@spencer-christian.org,Female,3,2025-02-11
296,Mary Wilson,nicole39@melendez-hodges.info,Other,3,2024-05-11
297,Jessica Gilbert,edwardssarah@terry-jenkins.com,Male,2,2024-06-18
298,David Dunlap,fedwards@yahoo.com,Other,1,2024-03-29
299,Mary Rodriguez,rhines@gmail.com,Female,2,2024-01-06
300,Paul Morgan,justincarson@salinas.com,Other,1,2023-08-22
